Keyword,Description,seller name,Price,Currency,2018-07-21
Hammocks,FREE SOLDIER Multifunctional Portable Camping Hiking Tent Hammock Waterproof,emobilehome,39.99,US $,1
Sleeping Bags,Single Envelope Sleeping Bag Lightweight Waterproof Season Camping Hiking Blue,jerryhotseller,15.29,US $,1
Sporting Goods,Portable Travel Camping Outdoor Hammock Hanging Nylon Fabric Parachute Hang Bed,hooper*2011,10.03,US $,1
Mattresses & Pads,Automatic Inflatable Pillow Travel Outdoor Camping Hiking Air Cushion Portable,accecity2008,8.56,US $,1
Sleeping Bags,AEGISMAX Compression Stuff Sack Compression Sleeping Bag Stuff Sack Bag 5 Size,zcc05792014,9.59,US $,1
Hammocks,Hammock Tent with Mosquito Net Rainfly Rain Cover Waterproof  Portable Camping,fashionpardise1900,95.98,US $,1
Hammocks,2 Person Outdoor Camping Nylon Hammock Parachute Hanging Bed Sleeping Swing New,gezeng,14.39,US $,1
Hammocks,Portable Travel Camping Nylon Fabric Parachute Hammock Rest Sleep Swing Bed Hike,enoughclouds,1.04,US $,1
Hammocks,Outdoor Camping Hammock Mosquito Net Portable Hanging Bed Nylon Sleeping Swing,luckiness87,24.19,US $,1
Sporting Goods,Double Single Portable Travel Outdoor Camping Hammock Swing Sleeping Hanging Bed,eforco,10.69,US $,1
Hammocks,300*300cm Portable Lightweight Waterproof Rain Tarp Tent Tarp Shelter Sun Shade,gracebule,22.35,US $,1
Mattresses & Pads,SEA TO SUMMIT AEROS PILLOW PREMIUM INFLATING COMPACT TRAVEL PILLOW CAMPING ,sfor8673,44.99,AU $,1
Sleeping Bags,Single Sleeping Bag Liner Portable Inner Travel Sheet Sack Camping Carpet Pad,johnson.adpp,6.19,US $,1
Mattresses & Pads,Camp Roll Mat Soft Yoga Mat Sleeping Tent Lightweight Foam Mattress Creative A55,amno55,4.95,US $,0
Mattresses & Pads,Double Sided Inflatable Sleep Pillow Mats Cushion For Camping Picnic Travel Soft,buybao88,1.48,US $,1
Sleeping Bags,Portable Sofa Chill Lazy Sofa Fast Inflatable Air Sleeping Bag Camping Bed Beach,nitwy,2.99,US $,1
Mattresses & Pads,Outdoor Folding Foldable Foam Seat Portable XPE Waterproof Chair Cushion Pad Mat,bestoffer4yu,1.39,US $,1
Mattresses & Pads,Waterproof Aluminum Foil EVA Camping Mat Foldable Picnic Sitting Mat Pad HICA,7hk8918,1.2,C $,1
Mattresses & Pads,1PC New Eco-friendly Dampproof Sleeping Mattress Mat Exercise EVA Foam Yoga Pad,miaomiao5202016-5,4.99,US $,1
Hammocks,Double Hammock Tent Outdoor Camping Rainfly Tarp with Stuff Sack Hook Ring Rope,bestchoiseshop,27.9,US $,1
Hammocks,Full Length Hammock Underquilt Ultralight Camping Under Quilt Warm Blanket,watchinweb,53.65,C $,1
Sleeping Bags,Durable First Aid Kits Tactical Survival Molle EMT Pouch Bag Medical Outdoor WQA,haron.k-2,1.26,US $,1
Hammocks,Double 2 Person Portable Parachute Nylon Fabric Hammock Hanging Bed Sleep Swing,a_coming868,2.29,C $,1
Sleeping Bags,Compression Sack Sleeping Bag Cover Pouch Clothing For Outdoor Camping Hiking US,lineswish2016,4.79,US $,1
Mattresses & Pads,Ultralight Foam Camping Mat Folding Beach Tent Sleeping Pad Waterproof Mattress!,trail-blazer21,9.53,US $,1
