Currency,Description,Keyword,Price,Quantity Available,Rate of Sale(per day),Total no. sold,feedback,rating,seller name
US $,50000lm Military T6 LED Flashlight Torch 5 Modes Zoom Tactical 18650 Lamp Light,Flashlights,3.98,10,3.872340425531915,258.0,51182,4.2,topsun66
C $,Mini 5000lm Q5 LED Tactical  Shadowhawk X800 Flashlight Aluminium Torch new,Flashlights,1.29,10,,,19444,4.3,flytosky201678
US $,Inflatable Air Sofa Bed Lazy Sleeping Camping Bag Beach Hangout Couch Windbed 18,Sleeping Bags,2.29,10,18.5,,1060,,scc666
US $, 25/50/100FT 550 Paracord Rope 7 strand Parachute CordCAMPING HiKING ,Paracord Bracelets,1.29,10,20.8,389.0,1834,,yangyu19870915-8
US $,Outdoor Camping Hiking Survival Bag Travel Emergency Rescue First Aid Kit New,Other Emergency Gear,0.99,10,,,50490,4.2,fashion-space7
C $,Camping Emergency Rod Flint Stone Fire Starter Striker Lighter Survival Outdoor,Fire Starters,1.06,10,35.0,4121.0,36400,,zjchen19850703
GBP ,Food Ration MILITARY US ARMY MRE Pack Emergency Set Combat Survival Camping Meal,MREs & Freeze-Dried Food,13.95,10,2.140625,1342.0,410,4.8,mrefood
US $,Portable WindProof Storm Matches Emergency Survival Tool Camping Hiking Gear,Other Emergency Gear,0.99,10,10.0,,85450,5.0,buyeasy-uk2
US $,Outdoor Emergency Tent Blanket Sleeping Bag Survival Reflective Shelter Camping,Tents,0.99,10,8.178571428571429,3002.0,8298,4.6,carmarket2014
US $,10Yards Multicolor Parachute Cord Lanyard Rope Climbing Camping Jewelry Making ,Paracord Bracelets,0.99,10,3.642857142857143,106.0,51606,,zero*one01
US $,Paracord Survival Bracelet Compass Flint Fire Starter Scraper Whistle Gear Kits,Paracord Bracelets,1.49,10,,,7901,,panlee_store
US $,Inflatable Air Sofa Bed Lazy Sleeping Camping Bag Beach Hangout Couch Windbed ,Sleeping Bags,8.99,10,8.714285714285714,320.0,2207,,xianghuietchco.ltd
US $,10000LM X-XML T6 Zoomable Tactical LED Flashlight Torch+18650 Battery+Charger UP,Flashlights,0.99,10,6.5,1782.0,119462,,up-memory88
US $,Buckles Stainless Steel Outdoor Four Fingers Ring Knuckles Security Supply,Other Emergency Gear,7.72,10,1.5517241379310345,47.0,189753,,wonderfulbuying36588
US $,Victorinox Safari Hunter SHIPPED FROM UK,"Pocket, Multi Tools",48.0,10,0.41284403669724773,286.0,17560,5.0,bondsofoxfordst
C $,Top Emergency Survival Gear Steel Wire Saw Camping Hiking Hunting Climbing Gear,Other Emergency Gear,1.05,10,3.911764705882353,2158.0,11195,,good-news98
US $,100FT 550 Paracord Parachute Cord Rope Lanyard Mil Spec Type III 7 Strand Core,Camping & Hiking,3.98,10,8.875,6594.0,105881,,9enjoyshopping
US $,Mini 3W LED Super Bright Flashlight Medical Light  Small Torch Lamp Keychain MT,Flashlights,0.99,10,13.0,5157.0,277559,,motel268
US $,Contigo 14 oz. Kid's Striker Autospout Water Bottle,"Canteens, Bottles & Flasks",10.99,10,6.866666666666666,3138.0,406675,,forzasports
US $,"10 50 100pcs 3/8"" 10mm Curved Side Release Plastic Buckle for Paracord Bracelet",Paracord Bracelets,0.99,10,4.32,1423.0,51606,,zero*one01
US $,10000Lumen Ultrafire T6 LED Rechargeable Flashlight Torch Super Bright Light,Flashlights,2.89,10,31.0,12412.0,39194,,boomingys_9230
US $,120 PCS. ARS MAT 12 HOURS MAT REFILL  MOSQUITO ELECTRIC REPELLER THERMACELL,Insect Nets & Repellents,15.99,10,9.833333333333334,238.0,19,4.6,thaihomestore
US $,Inflatable Air Sofa Bed Lazy Sleeping Camping Bag Beach Hangout Couch Windbed 9C,Sleeping Bags,9.52,10,5.190476190476191,607.0,10226,,xianghuisportcamerasuit
C $,60 pcs Outdoor Insect Mosquito Natural Repellent Stickers Patches Citronella Oil,Insect Nets & Repellents,1.07,10,,,546973,,top-fashion1202
US $,Steel Fire Starter Flint Match Lighter Keychain Camping Emergency Survival Gear,Sporting Goods,0.99,8,4.714285714285714,382.0,60640,,fashion-club
US $,1 LB Gas Propane QCC1 Regulator Valve Propane Refill Adapter Outdoor BBQ,Other Camping Cooking Supplies,6.55,10,0.9444444444444444,215.0,17926,,alicexi20
US $,Portable Two Person Cotton Rope Hanging Hammock Swing Fabric Camping Outdoor Bed,Sporting Goods,11.15,10,3.057142857142857,552.0,71624,,buyinbox
US $,Contigo 14 oz. Kid's Autoseal Gizmo Sip Water Bottle,"Canteens, Bottles & Flasks",9.99,10,2.625,1528.0,406675,,forzasports
C $,Portable Silicone Telescopic Drinking Collapsible Folding Cup Travel Camping NEW,Sporting Goods,1.99,10,2.9791666666666665,1083.0,50624,,homedelidge
US $,New Double Outdoor Person Travel Camping Hanging Hammock Bed With Mosquito Net,Sporting Goods,17.98,10,1.5072463768115942,152.0,5632,,unique_factory
US $,Men's Running Shoes Speedcross 3 Outdoor Hiking Sneakers Athletic Sneakers Sport,Outdoor Sports,9.99,10,,,158,,p6pwnd2
US $,Contigo 24 oz. Ashland Autospout Water Bottle,"Canteens, Bottles & Flasks",12.99,10,4.24,1530.0,406675,,forzasports
US $,"Tactical Military Molle Cell Phone Pouch Case Belt Bag For Smartphone 5.5""",Other Camping/Hiking Backpacks,3.19,10,1.7596153846153846,749.0,57378,,oo_875
US $,New Color!50-100FT 2mm Paracord Micro Cord Parachute Cord Tent Lanyard Rope,Paracord Bracelets,1.97,10,8.307692307692308,530.0,6490,,punk-koala
US $,Outdoor Portable Camping Climbing Hunting Knife EDC Survival Self-defence Tool E,"Pocket, Multi Tools",2.41,10,,,142944,,broadfashion
C $,Outdoor Camping Hiking Survival Fire Starter Flint Match Metal Lighter Emergenc,Other Emergency Gear,1.25,10,5.714285714285714,364.0,48853,,wonderful-shop88
US $,New Multi-Tool Wrench Jaw Screwdrive Pliers Knife Set Survival Gear Adjustable,"Pocket, Multi Tools",9.69,5,,,47439,,topelectronics2010
US $,Golden Mini Portable LED Flashlight Torch Lamp Handheld Camping Keychain Light,Flashlights,2.99,10,16.5,2620.0,1277,5.0,zqlighting2016
US $,NEW Women Outdoor Design Resin Field Urinal Camping Hiking Sports Accessory Tool,Other Emergency Gear,1.26,10,,,248880,4.6,beyondhuangmj
US $,MRE RCIR French Military Food Ration 24H MENU Combat Daily Pack Survival Box ,MREs & Freeze-Dried Food,41.95,10,2.8297872340425534,826.0,290,4.8,foodrations.lt
